{
  "train_losses": [
    0.5086337308414647,
    0.37522071099183596,
    0.328635751590377,
    0.29588659315324223,
    0.22484832583758674,
    0.2538095178907035,
    0.16337218679121282,
    0.15869433817560555,
    0.13229212389312317,
    0.088920856253473,
    0.08570393176413461,
    0.06441515848254327,
    0.06741606370072628,
    0.05448991683556042,
    0.04253969989243712,
    0.0463463357558138,
    0.053720244149234694,
    0.033349792003539984,
    0.03530275282930949
  ],
  "val_losses": [
    0.3928917215930091,
    0.3321934590737025,
    0.4026151051123937,
    0.3645526108642419,
    0.6743362893660864,
    0.43725978003607857,
    0.43428079701132244,
    0.3721767415603002,
    0.289795129870375,
    0.4250280511462026,
    0.3904368496603436,
    0.4686885247420933,
    0.4025237721701463,
    0.45882565942075515,
    0.4216481244398488,
    0.41564324161865646,
    0.3623623123082022,
    0.3770298239671522,
    0.39940103694486123
  ],
  "train_accuracies": [
    75.80477673935619,
    85.7736240913811,
    88.5773624091381,
    89.92731048805815,
    92.62720664589824,
    92.00415368639668,
    95.01557632398755,
    95.11941848390447,
    96.15784008307372,
    97.71547248182762,
    97.50778816199377,
    98.4423676012461,
    98.4423676012461,
    98.85773624091381,
    99.06542056074767,
    98.85773624091381,
    98.75389408099689,
    99.27310488058151,
    99.27310488058151
  ],
  "val_accuracies": [
    83.33333333333333,
    83.33333333333333,
    84.78260869565217,
    85.5072463768116,
    77.53623188405797,
    85.5072463768116,
    86.95652173913044,
    87.68115942028986,
    90.57971014492753,
    89.1304347826087,
    89.1304347826087,
    89.1304347826087,
    89.1304347826087,
    89.85507246376811,
    90.57971014492753,
    92.02898550724638,
    92.7536231884058,
    92.02898550724638,
    92.02898550724638
  ],
  "best_val_loss": 0.289795129870375,
  "best_val_acc": 90.57971014492753
}