{
  "train_losses": [
    0.5069145030174099,
    0.4427400227697169,
    0.324748725187583,
    0.29785657881713307,
    0.22250757314509056,
    0.20182089635827502,
    0.18325796326408622,
    0.15389227429328517,
    0.16629324529747494,
    0.10701947873763618,
    0.07467938693179214,
    0.06696798708900566,
    0.10826524163092502,
    0.06635932214405449,
    0.04285483651118903,
    0.03711364001463183,
    0.043085004685858845,
    0.03562078495570993,
    0.046400176914653084
  ],
  "val_losses": [
    0.385882748497857,
    0.39548392924997544,
    0.3572429700030221,
    0.2889638203713629,
    0.24301519162125057,
    0.30168390770753223,
    0.2948562486304177,
    0.30746127085553276,
    0.23511414561006758,
    0.28579494905554587,
    0.37400638808806735,
    0.5099279996421602,
    0.30838348385360503,
    0.3322112220856879,
    0.4820772144529555,
    0.4441983480420377,
    0.46245681238360703,
    0.4386898966299163,
    0.46328187319967484
  ],
  "train_accuracies": [
    77.36240913811007,
    82.34683281412254,
    87.01973001038422,
    88.88888888888889,
    92.41952232606438,
    92.73104880581516,
    93.76947040498442,
    95.22326064382139,
    94.39252336448598,
    96.36552440290758,
    98.23468328141226,
    98.54620976116303,
    96.88473520249221,
    98.4423676012461,
    99.27310488058151,
    99.37694704049844,
    99.06542056074767,
    99.27310488058151,
    99.06542056074767
  ],
  "val_accuracies": [
    86.23188405797102,
    79.71014492753623,
    86.23188405797102,
    89.85507246376811,
    90.57971014492753,
    88.40579710144928,
    89.1304347826087,
    89.85507246376811,
    90.57971014492753,
    93.47826086956522,
    90.57971014492753,
    88.40579710144928,
    88.40579710144928,
    89.85507246376811,
    89.1304347826087,
    90.57971014492753,
    91.30434782608695,
    90.57971014492753,
    90.57971014492753
  ],
  "best_val_loss": 0.23511414561006758,
  "best_val_acc": 90.57971014492753
}